"dataset","method","sample_count","dimension_count","reference_class_count","cluster_count","minimum_support","coverage","outlier_fraction","all_sample_ari","all_sample_ami","assigned_only_ari","assigned_only_ami","pairwise_precision","pairwise_recall","pairwise_f1","homogeneity","completeness","v_measure","macro_class_coverage","minimum_class_coverage","runtime_seconds","termination","cycle_length","mature_projection_applied","parameters"
"digits","fasc-sf","1797","64","10","32","18","0.9849749582637729","0.015025041736227046","0.48864840055009545","0.722776576661353","0.5000027581152272","0.73522641103288","0.9166600674701848","0.36038880171361676","0.5173709969383422","0.9119210427598297","0.6143455751088208","0.7341242361055643","0.9850044751768351","0.9666666666666667","0.05970579999848269","limit-cycle","2","True","{""alpha"": null, ""assignment_threshold_quantile"": 0.01, ""base_capacity"": 43, ""capacity_multiplier"": 0.75, ""kmax"": 33, ""knn_k"": 10, ""lambda"": 0.0, ""merge_threshold_quantile"": 0.9, ""minimum_support"": 2, ""preprocessing"": ""maxabs-l2"", ""seed_count"": 8, ""tau_inter"": 0.9594543446408436, ""tau_intra"": 0.8440543882075463, ""uses_reference_k"": false}"
"digits","fasc-dass","1797","64","10","32","15","0.9855314412910406","0.014468558708959377","0.49687625913237443","0.7243225891016795","0.5079280438396405","0.7363491549083988","0.9183730540968834","0.3680789060748711","0.5255287559676745","0.9117351457570873","0.6163796439127912","0.7355140965633017","0.9855539257262856","0.9666666666666667","0.040432900001178496","limit-cycle","2","True","{""alpha"": 0.05, ""assignment_threshold_quantile"": 0.01, ""base_capacity"": 43, ""capacity_multiplier"": 0.75, ""kmax"": 33, ""knn_k"": 10, ""lambda"": 2.782415136338342e-05, ""merge_threshold_quantile"": 0.9, ""minimum_support"": 2, ""preprocessing"": ""maxabs-l2"", ""seed_count"": 8, ""tau_inter"": 0.9594543446408436, ""tau_intra"": 0.8440543882075463, ""uses_reference_k"": false}"
"digits","fasc-sf","1797","64","10","41","12","0.9927657206455203","0.007234279354479688","0.42506799760385255","0.7061914909310181","0.42996765654224794","0.7118086409869859","0.9284942293588605","0.29956536900047326","0.4529824396214868","0.9226390923685837","0.5885139823667574","0.7186379932187646","0.99272356513344","0.9832402234636871","0.04771539999637753","limit-cycle","2","True","{""alpha"": null, ""assignment_threshold_quantile"": 0.01, ""base_capacity"": 43, ""capacity_multiplier"": 1.0, ""kmax"": 43, ""knn_k"": 10, ""lambda"": 0.0, ""merge_threshold_quantile"": 0.9, ""minimum_support"": 2, ""preprocessing"": ""maxabs-l2"", ""seed_count"": 8, ""tau_inter"": 0.9594543446408436, ""tau_intra"": 0.8440543882075463, ""uses_reference_k"": false}"
"digits","fasc-dass","1797","64","10","40","10","0.989983305509182","0.01001669449081803","0.44221433887591316","0.7077279090532886","0.4492284005016536","0.7156056042977862","0.9230811243810079","0.3157177015616827","0.4705090848350996","0.9202241840957237","0.5920716488518512","0.7205450654836155","0.9899642395651256","0.9722222222222222","0.08077460000640713","limit-cycle","8","True","{""alpha"": 0.05, ""assignment_threshold_quantile"": 0.01, ""base_capacity"": 43, ""capacity_multiplier"": 1.0, ""kmax"": 43, ""knn_k"": 10, ""lambda"": 2.782415136338342e-05, ""merge_threshold_quantile"": 0.9, ""minimum_support"": 2, ""preprocessing"": ""maxabs-l2"", ""seed_count"": 8, ""tau_inter"": 0.9594543446408436, ""tau_intra"": 0.8440543882075463, ""uses_reference_k"": false}"
"digits","fasc-sf","1797","64","10","60","2","0.998330550918197","0.001669449081803005","0.34621202148814534","0.6864511553036077","0.3471697678910815","0.6876593323563684","0.948990028125799","0.2311078731724327","0.37169639369873714","0.9462915681697436","0.5597518735417216","0.7034172634460141","0.9983108650554587","0.9942528735632183","0.1303946999978507","limit-cycle","14","True","{""alpha"": null, ""assignment_threshold_quantile"": 0.01, ""base_capacity"": 43, ""capacity_multiplier"": 1.5, ""kmax"": 65, ""knn_k"": 10, ""lambda"": 0.0, ""merge_threshold_quantile"": 0.9, ""minimum_support"": 2, ""preprocessing"": ""maxabs-l2"", ""seed_count"": 8, ""tau_inter"": 0.9594543446408436, ""tau_intra"": 0.8440543882075463, ""uses_reference_k"": false}"
"digits","fasc-dass","1797","64","10","60","2","0.9988870339454646","0.0011129660545353367","0.3433355853953854","0.6840874743977581","0.3439698936734328","0.6848898380519249","0.9447553524670124","0.22915888316022814","0.36884991230268105","0.9430066992575984","0.557911552065088","0.7010566108140045","0.9988758368068712","0.9942528735632183","0.14974290000100154","limit-cycle","18","True","{""alpha"": 0.05, ""assignment_threshold_quantile"": 0.01, ""base_capacity"": 43, ""capacity_multiplier"": 1.5, ""kmax"": 65, ""knn_k"": 10, ""lambda"": 2.782415136338342e-05, ""merge_threshold_quantile"": 0.9, ""minimum_support"": 2, ""preprocessing"": ""maxabs-l2"", ""seed_count"": 8, ""tau_inter"": 0.9594543446408436, ""tau_intra"": 0.8440543882075463, ""uses_reference_k"": false}"
"optdigits","fasc-sf","2000","64","10","33","15","0.9825","0.0175","0.4777071614187703","0.7172914943633146","0.4907195330793847","0.731890888477047","0.9157991226347149","0.3501231576417815","0.5065753017829915","0.9102738881289271","0.6076245851822732","0.7287770603919653","0.9824943557304694","0.956989247311828","0.06260950000432786","limit-cycle","8","True","{""alpha"": null, ""assignment_threshold_quantile"": 0.01, ""base_capacity"": 45, ""capacity_multiplier"": 0.75, ""kmax"": 34, ""knn_k"": 10, ""lambda"": 0.0, ""merge_threshold_quantile"": 0.9, ""minimum_support"": 2, ""preprocessing"": ""maxabs-l2"", ""seed_count"": 8, ""tau_inter"": 0.9590092206966844, ""tau_intra"": 0.8557899090624392, ""uses_reference_k"": false}"
"optdigits","fasc-dass","2000","64","10","33","14","0.9825","0.0175","0.4739076461123549","0.7173871784132209","0.48679699816898186","0.7319628793838956","0.9145811597839437","0.346708787247677","0.5028079792351114","0.9110841612381069","0.6073705399266578","0.7288537201739949","0.9824457045835185","0.956989247311828","0.12183920000097714","limit-cycle","22","True","{""alpha"": 0.05, ""assignment_threshold_quantile"": 0.01, ""base_capacity"": 45, ""capacity_multiplier"": 0.75, ""kmax"": 34, ""knn_k"": 10, ""lambda"": 2.5e-05, ""merge_threshold_quantile"": 0.9, ""minimum_support"": 2, ""preprocessing"": ""maxabs-l2"", ""seed_count"": 8, ""tau_inter"": 0.9590092206966844, ""tau_intra"": 0.8557899090624392, ""uses_reference_k"": false}"
"optdigits","fasc-sf","2000","64","10","43","2","0.993","0.007","0.4289623459370913","0.7013013455073652","0.43366468543607073","0.7067897623147004","0.9199636748902679","0.30429950336430633","0.45732730405471494","0.9116837462686427","0.5856054659698758","0.7131380907401639","0.9929032475021262","0.9844559585492227","0.14806870000029448","limit-cycle","20","True","{""alpha"": null, ""assignment_threshold_quantile"": 0.01, ""base_capacity"": 45, ""capacity_multiplier"": 1.0, ""kmax"": 45, ""knn_k"": 10, ""lambda"": 0.0, ""merge_threshold_quantile"": 0.9, ""minimum_support"": 2, ""preprocessing"": ""maxabs-l2"", ""seed_count"": 8, ""tau_inter"": 0.9590092206966844, ""tau_intra"": 0.8557899090624392, ""uses_reference_k"": false}"
"optdigits","fasc-dass","2000","64","10","42","2","0.991","0.009","0.42231009674180614","0.7083575906043512","0.4284088542129009","0.7155032154652479","0.9319864790503891","0.29677487183595","0.4501934695024473","0.9242611033633826","0.5898713997602938","0.7201419818413604","0.9909822196909346","0.978494623655914","0.17426759999943897","limit-cycle","28","True","{""alpha"": 0.05, ""assignment_threshold_quantile"": 0.01, ""base_capacity"": 45, ""capacity_multiplier"": 1.0, ""kmax"": 45, ""knn_k"": 10, ""lambda"": 2.5e-05, ""merge_threshold_quantile"": 0.9, ""minimum_support"": 2, ""preprocessing"": ""maxabs-l2"", ""seed_count"": 8, ""tau_inter"": 0.9590092206966844, ""tau_intra"": 0.8557899090624392, ""uses_reference_k"": false}"
"optdigits","fasc-sf","2000","64","10","63","2","0.997","0.003","0.3638893478693748","0.6824736951642073","0.36566199893378437","0.6846504619903541","0.9568042589004364","0.24474327138737584","0.38978300649425723","0.9447922827923428","0.5545232646377294","0.6988646278717762","0.9969314790522971","0.9896373056994818","0.18577569999615662","limit-cycle","20","True","{""alpha"": null, ""assignment_threshold_quantile"": 0.01, ""base_capacity"": 45, ""capacity_multiplier"": 1.5, ""kmax"": 68, ""knn_k"": 10, ""lambda"": 0.0, ""merge_threshold_quantile"": 0.9, ""minimum_support"": 2, ""preprocessing"": ""maxabs-l2"", ""seed_count"": 8, ""tau_inter"": 0.9590092206966844, ""tau_intra"": 0.8557899090624392, ""uses_reference_k"": false}"
"optdigits","fasc-dass","2000","64","10","63","2","0.997","0.003","0.35847561269074985","0.6842422632405362","0.3602058512286117","0.6864180495953941","0.956833672127227","0.24036767061839154","0.3842158753531102","0.9462793197865537","0.5560113915968566","0.700453084675391","0.9968963572065089","0.9896373056994818","0.29111860001285095","limit-cycle","28","True","{""alpha"": 0.05, ""assignment_threshold_quantile"": 0.01, ""base_capacity"": 45, ""capacity_multiplier"": 1.5, ""kmax"": 68, ""knn_k"": 10, ""lambda"": 2.5e-05, ""merge_threshold_quantile"": 0.9, ""minimum_support"": 2, ""preprocessing"": ""maxabs-l2"", ""seed_count"": 8, ""tau_inter"": 0.9590092206966844, ""tau_intra"": 0.8557899090624392, ""uses_reference_k"": false}"
"pendigits","fasc-sf","2000","16","10","31","2","0.9875","0.0125","0.45995139071369023","0.6904571363211619","0.4685109504094078","0.7006717048673076","0.8096020632909948","0.3542880828601535","0.4928856281351175","0.8508361431115943","0.5965823408927019","0.7013781067233161","0.9875414903668484","0.9351351351351351","0.03296009999758098","limit-cycle","2","True","{""alpha"": null, ""assignment_threshold_quantile"": 0.01, ""base_capacity"": 45, ""capacity_multiplier"": 0.75, ""kmax"": 34, ""knn_k"": 10, ""lambda"": 0.0, ""merge_threshold_quantile"": 0.9, ""minimum_support"": 2, ""preprocessing"": ""maxabs-l2"", ""seed_count"": 8, ""tau_inter"": 0.9939378779727889, ""tau_intra"": 0.9253769775856857, ""uses_reference_k"": false}"
"pendigits","fasc-dass","2000","16","10","31","2","0.987","0.013","0.46207052890195227","0.6915288724659504","0.47103535730842216","0.7022011473139467","0.8065487264486013","0.3572295384062205","0.49515107465476066","0.8517021737136807","0.597855696354754","0.70255214595663","0.9871009617324871","0.9351351351351351","0.03469590000167955","limit-cycle","2","True","{""alpha"": 0.05, ""assignment_threshold_quantile"": 0.01, ""base_capacity"": 45, ""capacity_multiplier"": 0.75, ""kmax"": 34, ""knn_k"": 10, ""lambda"": 2.5e-05, ""merge_threshold_quantile"": 0.9, ""minimum_support"": 2, ""preprocessing"": ""maxabs-l2"", ""seed_count"": 8, ""tau_inter"": 0.9939378779727889, ""tau_intra"": 0.9253769775856857, ""uses_reference_k"": false}"
"pendigits","fasc-sf","2000","16","10","41","2","0.9945","0.0055","0.40884401690452365","0.6907800402159007","0.41246415383953533","0.6951088888251254","0.8661446297413856","0.29387088558287267","0.4388470430308002","0.885785534171983","0.5817263958986042","0.7022564052453085","0.9945988030150253","0.9783783783783784","0.037178500002482906","limit-cycle","2","True","{""alpha"": null, ""assignment_threshold_quantile"": 0.01, ""base_capacity"": 45, ""capacity_multiplier"": 1.0, ""kmax"": 45, ""knn_k"": 10, ""lambda"": 0.0, ""merge_threshold_quantile"": 0.9, ""minimum_support"": 2, ""preprocessing"": ""maxabs-l2"", ""seed_count"": 8, ""tau_inter"": 0.9939378779727889, ""tau_intra"": 0.9253769775856857, ""uses_reference_k"": false}"
"pendigits","fasc-dass","2000","16","10","41","2","0.9955","0.0045","0.4193476266075019","0.6966006098895964","0.4224311867222652","0.7002126490341879","0.8610769643790711","0.30433827238177996","0.4497258444213214","0.887044263256049","0.5885990921730915","0.707641783699179","0.9956798840961063","0.9813953488372092","0.038692800007993355","limit-cycle","2","True","{""alpha"": 0.05, ""assignment_threshold_quantile"": 0.01, ""base_capacity"": 45, ""capacity_multiplier"": 1.0, ""kmax"": 45, ""knn_k"": 10, ""lambda"": 2.5e-05, ""merge_threshold_quantile"": 0.9, ""minimum_support"": 2, ""preprocessing"": ""maxabs-l2"", ""seed_count"": 8, ""tau_inter"": 0.9939378779727889, ""tau_intra"": 0.9253769775856857, ""uses_reference_k"": false}"
"pendigits","fasc-sf","2000","16","10","60","2","0.9965","0.0035","0.3229705332640846","0.6609096674992895","0.3249369074419173","0.6634367183106165","0.8870469061470241","0.2177825720007391","0.349707100556128","0.9058497201590686","0.5412501901732143","0.6776191882865478","0.996610116654246","0.9891891891891892","0.07136909999826457","limit-cycle","2","True","{""alpha"": null, ""assignment_threshold_quantile"": 0.01, ""base_capacity"": 45, ""capacity_multiplier"": 1.5, ""kmax"": 68, ""knn_k"": 10, ""lambda"": 0.0, ""merge_threshold_quantile"": 0.9, ""minimum_support"": 2, ""preprocessing"": ""maxabs-l2"", ""seed_count"": 8, ""tau_inter"": 0.9939378779727889, ""tau_intra"": 0.9253769775856857, ""uses_reference_k"": false}"
"pendigits","fasc-dass","2000","16","10","60","2","0.9965","0.0035","0.3276393510699291","0.6607064106595069","0.3296275055202123","0.6632381599815012","0.8851981816731797","0.2217228239970835","0.3546208620710312","0.9036159383013922","0.5417957328096081","0.6774198233699574","0.996610116654246","0.9891891891891892","0.06607329999678768","limit-cycle","2","True","{""alpha"": 0.05, ""assignment_threshold_quantile"": 0.01, ""base_capacity"": 45, ""capacity_multiplier"": 1.5, ""kmax"": 68, ""knn_k"": 10, ""lambda"": 2.5e-05, ""merge_threshold_quantile"": 0.9, ""minimum_support"": 2, ""preprocessing"": ""maxabs-l2"", ""seed_count"": 8, ""tau_inter"": 0.9939378779727889, ""tau_intra"": 0.9253769775856857, ""uses_reference_k"": false}"
"segment","fasc-sf","2000","19","7","34","3","0.9555","0.0445","0.37661834663186794","0.5845288333097142","0.40523654489977445","0.6202268826535533","0.8634203367238799","0.2773389109004706","0.4198257543561411","0.8411326011229763","0.47349718257361506","0.6059103813739015","0.9561114620652027","0.8956228956228957","0.03213479999976698","fixed-point","0","False","{""alpha"": null, ""assignment_threshold_quantile"": 0.01, ""base_capacity"": 45, ""capacity_multiplier"": 0.75, ""kmax"": 34, ""knn_k"": 10, ""lambda"": 0.0, ""merge_threshold_quantile"": 0.9, ""minimum_support"": 2, ""preprocessing"": ""standardize-l2"", ""seed_count"": 8, ""tau_inter"": 0.9945202197102221, ""tau_intra"": 0.7582451636808268, ""uses_reference_k"": false}"
"segment","fasc-dass","2000","19","7","34","3","0.956","0.044","0.38141640485004485","0.5862673351696617","0.41005987093250956","0.6216361786648528","0.8708321078831847","0.28055700804699757","0.4243883276620819","0.8432551966439819","0.474643358332734","0.6073995254873027","0.9566198504739469","0.8956228956228957","0.030013700001291","fixed-point","0","False","{""alpha"": 0.05, ""assignment_threshold_quantile"": 0.01, ""base_capacity"": 45, ""capacity_multiplier"": 0.75, ""kmax"": 34, ""knn_k"": 10, ""lambda"": 2.5e-05, ""merge_threshold_quantile"": 0.9, ""minimum_support"": 2, ""preprocessing"": ""standardize-l2"", ""seed_count"": 8, ""tau_inter"": 0.9945202197102221, ""tau_intra"": 0.7582451636808268, ""uses_reference_k"": false}"
"segment","fasc-sf","2000","19","7","45","2","0.985","0.015","0.33418516465154025","0.5961482529174865","0.3426851598258345","0.607550422321599","0.8821192742996314","0.23768998880509282","0.37447613150066905","0.8635144000977201","0.47250636668548635","0.6107929785450394","0.985015701631184","0.9537366548042705","0.03158359999360982","fixed-point","0","False","{""alpha"": null, ""assignment_threshold_quantile"": 0.01, ""base_capacity"": 45, ""capacity_multiplier"": 1.0, ""kmax"": 45, ""knn_k"": 10, ""lambda"": 0.0, ""merge_threshold_quantile"": 0.9, ""minimum_support"": 2, ""preprocessing"": ""standardize-l2"", ""seed_count"": 8, ""tau_inter"": 0.9945202197102221, ""tau_intra"": 0.7582451636808268, ""uses_reference_k"": false}"
"segment","fasc-dass","2000","19","7","45","2","0.985","0.015","0.3373326256233754","0.5934751342189198","0.3458941436830673","0.604840692171084","0.8810053352188726","0.24049397966667954","0.37784504432976046","0.8588703829767638","0.47084286772979067","0.6082409029376602","0.985015701631184","0.9537366548042705","0.04314760000852402","fixed-point","0","False","{""alpha"": 0.05, ""assignment_threshold_quantile"": 0.01, ""base_capacity"": 45, ""capacity_multiplier"": 1.0, ""kmax"": 45, ""knn_k"": 10, ""lambda"": 2.5e-05, ""merge_threshold_quantile"": 0.9, ""minimum_support"": 2, ""preprocessing"": ""standardize-l2"", ""seed_count"": 8, ""tau_inter"": 0.9945202197102221, ""tau_intra"": 0.7582451636808268, ""uses_reference_k"": false}"
"segment","fasc-sf","2000","19","7","68","2","0.996","0.004","0.2801208612667342","0.5710588015327158","0.28208801947604956","0.5738345418221714","0.8873489694385217","0.1927840225161519","0.3167511870817825","0.870729905587456","0.4447796034045574","0.588795290999341","0.9960391834208108","0.9857651245551602","0.0592185999994399","fixed-point","0","False","{""alpha"": null, ""assignment_threshold_quantile"": 0.01, ""base_capacity"": 45, ""capacity_multiplier"": 1.5, ""kmax"": 68, ""knn_k"": 10, ""lambda"": 0.0, ""merge_threshold_quantile"": 0.9, ""minimum_support"": 2, ""preprocessing"": ""standardize-l2"", ""seed_count"": 8, ""tau_inter"": 0.9945202197102221, ""tau_intra"": 0.7582451636808268, ""uses_reference_k"": false}"
"segment","fasc-dass","2000","19","7","68","2","0.996","0.004","0.2836358816890486","0.5721848596214396","0.28562477695670757","0.5749680736543799","0.8896647598350964","0.19539148836115683","0.3204127377831746","0.8717492938114139","0.44576279501430033","0.5898896944580871","0.9960391834208108","0.9857651245551602","0.061569400000735186","fixed-point","0","False","{""alpha"": 0.05, ""assignment_threshold_quantile"": 0.01, ""base_capacity"": 45, ""capacity_multiplier"": 1.5, ""kmax"": 68, ""knn_k"": 10, ""lambda"": 2.5e-05, ""merge_threshold_quantile"": 0.9, ""minimum_support"": 2, ""preprocessing"": ""standardize-l2"", ""seed_count"": 8, ""tau_inter"": 0.9945202197102221, ""tau_intra"": 0.7582451636808268, ""uses_reference_k"": false}"
"vehicle","fasc-sf","846","18","4","23","4","0.991725768321513","0.008274231678486997","0.09855804818717669","0.22865052593159527","0.10006238092853541","0.2315460261140189","0.4829159340398232","0.11397999012966037","0.18442998575304675","0.38869840657023175","0.18138463918724895","0.24734613931456292","0.9918093893882447","0.9815668202764977","0.0178338999976404","fixed-point","0","False","{""alpha"": null, ""assignment_threshold_quantile"": 0.01, ""base_capacity"": 30, ""capacity_multiplier"": 0.75, ""kmax"": 23, ""knn_k"": 10, ""lambda"": 0.0, ""merge_threshold_quantile"": 0.9, ""minimum_support"": 2, ""preprocessing"": ""standardize-l2"", ""seed_count"": 8, ""tau_inter"": 0.9568752939548334, ""tau_intra"": 0.6145024237740121, ""uses_reference_k"": false}"
"vehicle","fasc-dass","846","18","4","23","4","0.991725768321513","0.008274231678486997","0.08183793282552856","0.2151756716646011","0.08310676833835866","0.21795334427339363","0.4330948121645796","0.10861860110368343","0.17367911331109437","0.36565324546631156","0.1724627760830547","0.23437909770955787","0.991886425512261","0.9815668202764977","0.0209789000073215","fixed-point","0","False","{""alpha"": 0.05, ""assignment_threshold_quantile"": 0.01, ""base_capacity"": 30, ""capacity_multiplier"": 0.75, ""kmax"": 23, ""knn_k"": 10, ""lambda"": 5.91016548463357e-05, ""merge_threshold_quantile"": 0.9, ""minimum_support"": 2, ""preprocessing"": ""standardize-l2"", ""seed_count"": 8, ""tau_inter"": 0.9568752939548334, ""tau_intra"": 0.6145024237740121, ""uses_reference_k"": false}"
"vehicle","fasc-sf","846","18","4","30","3","0.9964539007092199","0.0035460992907801418","0.09028362686217394","0.24655392551935898","0.09085225245781324","0.24781212687531254","0.4827261306532663","0.10343667279824129","0.17036763347496767","0.43386357189367053","0.19268915699065678","0.26685960195564246","0.996412399577227","0.9949748743718593","0.014619100009440444","fixed-point","0","False","{""alpha"": null, ""assignment_threshold_quantile"": 0.01, ""base_capacity"": 30, ""capacity_multiplier"": 1.0, ""kmax"": 30, ""knn_k"": 10, ""lambda"": 0.0, ""merge_threshold_quantile"": 0.9, ""minimum_support"": 2, ""preprocessing"": ""standardize-l2"", ""seed_count"": 8, ""tau_inter"": 0.9568752939548334, ""tau_intra"": 0.6145024237740121, ""uses_reference_k"": false}"
"vehicle","fasc-dass","846","18","4","30","3","0.9964539007092199","0.0035460992907801418","0.09237895209228468","0.25028440553005665","0.09296137288669869","0.2515606728205903","0.48961737113945397","0.10419938086051415","0.17183020438361232","0.4401577594726918","0.19521876015688294","0.2704760072902473","0.996412399577227","0.9949748743718593","0.026727299991762266","fixed-point","0","False","{""alpha"": 0.05, ""assignment_threshold_quantile"": 0.01, ""base_capacity"": 30, ""capacity_multiplier"": 1.0, ""kmax"": 30, ""knn_k"": 10, ""lambda"": 5.91016548463357e-05, ""merge_threshold_quantile"": 0.9, ""minimum_support"": 2, ""preprocessing"": ""standardize-l2"", ""seed_count"": 8, ""tau_inter"": 0.9568752939548334, ""tau_intra"": 0.6145024237740121, ""uses_reference_k"": false}"
"vehicle","fasc-sf","846","18","4","43","2","1.0","0.0","0.09314623715724692","0.27832925798213104","0.09314623715724692","0.27832925798213104","0.565763477279142","0.08993225357799811","0.15519510684422422","0.52721494009612","0.21269423958030628","0.303106337532289","1.0","1.0","0.020043900003656745","fixed-point","0","False","{""alpha"": null, ""assignment_threshold_quantile"": 0.01, ""base_capacity"": 30, ""capacity_multiplier"": 1.5, ""kmax"": 45, ""knn_k"": 10, ""lambda"": 0.0, ""merge_threshold_quantile"": 0.9, ""minimum_support"": 2, ""preprocessing"": ""standardize-l2"", ""seed_count"": 8, ""tau_inter"": 0.9568752939548334, ""tau_intra"": 0.6145024237740121, ""uses_reference_k"": false}"
"vehicle","fasc-dass","846","18","4","43","2","1.0","0.0","0.09147077801292361","0.27070231379844956","0.09147077801292361","0.27070231379844956","0.5601750547045952","0.0890125173852573","0.1536153615361536","0.5140149784129998","0.20764804631119427","0.29580067811550104","1.0","1.0","0.0223002999991877","fixed-point","0","False","{""alpha"": 0.05, ""assignment_threshold_quantile"": 0.01, ""base_capacity"": 30, ""capacity_multiplier"": 1.5, ""kmax"": 45, ""knn_k"": 10, ""lambda"": 5.91016548463357e-05, ""merge_threshold_quantile"": 0.9, ""minimum_support"": 2, ""preprocessing"": ""standardize-l2"", ""seed_count"": 8, ""tau_inter"": 0.9568752939548334, ""tau_intra"": 0.6145024237740121, ""uses_reference_k"": false}"
"isolet","fasc-sf","2000","617","26","28","5","0.9955","0.0045","0.3948299188344869","0.669039015576637","0.39625422300799823","0.671790444074766","0.3417754045047577","0.5566410336890563","0.4235145448484818","0.664232384992894","0.7175254568108813","0.6898511896244268","0.9955318791972617","0.9733333333333334","3.909029800008284","iteration-limit","0","True","{""alpha"": null, ""assignment_threshold_quantile"": 0.01, ""base_capacity"": 45, ""capacity_multiplier"": 0.75, ""kmax"": 34, ""knn_k"": 10, ""lambda"": 0.0, ""merge_threshold_quantile"": 0.9, ""minimum_support"": 2, ""preprocessing"": ""standardize-l2"", ""seed_count"": 8, ""tau_inter"": 0.6930783429364644, ""tau_intra"": 0.36061430473413814, ""uses_reference_k"": false}"
"isolet","fasc-dass","2000","617","26","30","4","0.996","0.004","0.38703375408428253","0.6828368141091252","0.38818724308344954","0.6853424460289508","0.3224068637231708","0.59170328520611","0.4173877746821897","0.6770773552212258","0.7325964859748504","0.7037436273164438","0.9960567208191496","0.9506172839506173","3.8158091999939643","iteration-limit","0","True","{""alpha"": 0.05, ""assignment_threshold_quantile"": 0.01, ""base_capacity"": 45, ""capacity_multiplier"": 0.75, ""kmax"": 34, ""knn_k"": 10, ""lambda"": 2.5e-05, ""merge_threshold_quantile"": 0.9, ""minimum_support"": 2, ""preprocessing"": ""standardize-l2"", ""seed_count"": 8, ""tau_inter"": 0.6930783429364644, ""tau_intra"": 0.36061430473413814, ""uses_reference_k"": false}"
"isolet","fasc-sf","2000","617","26","36","2","0.997","0.003","0.39549234261398175","0.6859809062068328","0.3964406691947194","0.6878861288837517","0.3357856176564471","0.5778143963172212","0.4247411580353967","0.6816301564214243","0.735265952328146","0.7074328781085852","0.9970972634715296","0.9753086419753086","4.357060099995579","iteration-limit","0","True","{""alpha"": null, ""assignment_threshold_quantile"": 0.01, ""base_capacity"": 45, ""capacity_multiplier"": 1.0, ""kmax"": 45, ""knn_k"": 10, ""lambda"": 0.0, ""merge_threshold_quantile"": 0.9, ""minimum_support"": 2, ""preprocessing"": ""standardize-l2"", ""seed_count"": 8, ""tau_inter"": 0.6930783429364644, ""tau_intra"": 0.36061430473413814, ""uses_reference_k"": false}"
"isolet","fasc-dass","2000","617","26","34","2","0.998","0.002","0.36013229052410367","0.6902333798047773","0.3606016640228259","0.6915159557044619","0.2851663602187687","0.6368879472693032","0.3939442965887121","0.6758989366064176","0.7512911089066604","0.7116037043396193","0.998006063865539","0.9753086419753086","4.312684199991054","iteration-limit","0","False","{""alpha"": 0.05, ""assignment_threshold_quantile"": 0.01, ""base_capacity"": 45, ""capacity_multiplier"": 1.0, ""kmax"": 45, ""knn_k"": 10, ""lambda"": 2.5e-05, ""merge_threshold_quantile"": 0.9, ""minimum_support"": 2, ""preprocessing"": ""standardize-l2"", ""seed_count"": 8, ""tau_inter"": 0.6930783429364644, ""tau_intra"": 0.36061430473413814, ""uses_reference_k"": false}"
"isolet","fasc-sf","2000","617","26","40","2","0.997","0.003","0.3792708903631981","0.6725596564952839","0.38010567679899854","0.6744093471406993","0.3174274007792711","0.5785336890562879","0.4099339742847214","0.6746548395335267","0.7220601026904704","0.6975529909324564","0.9969741923870278","0.9733333333333334","4.654480199998943","iteration-limit","0","True","{""alpha"": null, ""assignment_threshold_quantile"": 0.01, ""base_capacity"": 45, ""capacity_multiplier"": 1.5, ""kmax"": 68, ""knn_k"": 10, ""lambda"": 0.0, ""merge_threshold_quantile"": 0.9, ""minimum_support"": 2, ""preprocessing"": ""standardize-l2"", ""seed_count"": 8, ""tau_inter"": 0.6930783429364644, ""tau_intra"": 0.36061430473413814, ""uses_reference_k"": false}"
"isolet","fasc-dass","2000","617","26","40","2","0.9975","0.0025","0.3987836973026605","0.6803463396582582","0.39960970684495517","0.6819152312604799","0.34394807969830093","0.5641739903745554","0.42735787841713435","0.687930305756128","0.7218836723904289","0.7044981297756431","0.9975987067024635","0.9759036144578314","4.562746400013566","iteration-limit","0","True","{""alpha"": 0.05, ""assignment_threshold_quantile"": 0.01, ""base_capacity"": 45, ""capacity_multiplier"": 1.5, ""kmax"": 68, ""knn_k"": 10, ""lambda"": 2.5e-05, ""merge_threshold_quantile"": 0.9, ""minimum_support"": 2, ""preprocessing"": ""standardize-l2"", ""seed_count"": 8, ""tau_inter"": 0.6930783429364644, ""tau_intra"": 0.36061430473413814, ""uses_reference_k"": false}"
"mfeat-factors","fasc-sf","2000","216","10","33","6","0.9705","0.0295","0.46355831250155677","0.6860927924147366","0.4847533666254003","0.7100307231452329","0.8692227821814774","0.34495477386934675","0.49390230741004554","0.8796288067952411","0.5838126477484711","0.7018229818986161","0.9705","0.92","0.12539159999869298","limit-cycle","2","True","{""alpha"": null, ""assignment_threshold_quantile"": 0.01, ""base_capacity"": 45, ""capacity_multiplier"": 0.75, ""kmax"": 34, ""knn_k"": 10, ""lambda"": 0.0, ""merge_threshold_quantile"": 0.9, ""minimum_support"": 2, ""preprocessing"": ""standardize-l2"", ""seed_count"": 8, ""tau_inter"": 0.9039891158857113, ""tau_intra"": 0.5783865814084671, ""uses_reference_k"": false}"
"mfeat-factors","fasc-dass","2000","216","10","33","6","0.97","0.03","0.4693183656202918","0.6957922366328171","0.49124371548392864","0.7204764645035461","0.8867387008187254","0.34723618090452263","0.49905028780251764","0.8924440156034129","0.5910587086581088","0.7111369582078657","0.9700000000000001","0.92","0.15376169999944977","limit-cycle","2","True","{""alpha"": 0.05, ""assignment_threshold_quantile"": 0.01, ""base_capacity"": 45, ""capacity_multiplier"": 0.75, ""kmax"": 34, ""knn_k"": 10, ""lambda"": 2.5e-05, ""merge_threshold_quantile"": 0.9, ""minimum_support"": 2, ""preprocessing"": ""standardize-l2"", ""seed_count"": 8, ""tau_inter"": 0.9039891158857113, ""tau_intra"": 0.5783865814084671, ""uses_reference_k"": false}"
"mfeat-factors","fasc-sf","2000","216","10","44","6","0.9875","0.0125","0.40389167162822043","0.6654913927298852","0.411899752367745","0.6748714241258592","0.8567956849030881","0.29055276381909545","0.4339472538689002","0.8746103015378173","0.5571558183007496","0.6806896901604444","0.9875","0.95","0.14966530000674538","limit-cycle","2","True","{""alpha"": null, ""assignment_threshold_quantile"": 0.01, ""base_capacity"": 45, ""capacity_multiplier"": 1.0, ""kmax"": 45, ""knn_k"": 10, ""lambda"": 0.0, ""merge_threshold_quantile"": 0.9, ""minimum_support"": 2, ""preprocessing"": ""standardize-l2"", ""seed_count"": 8, ""tau_inter"": 0.9039891158857113, ""tau_intra"": 0.5783865814084671, ""uses_reference_k"": false}"
"mfeat-factors","fasc-dass","2000","216","10","44","6","0.988","0.012","0.4062305500185093","0.66713988772119","0.4139522915710559","0.6761635637071257","0.8604007577102942","0.29215577889447236","0.436197350059271","0.8758832955400451","0.5585830048581053","0.6821401422842504","0.9879999999999999","0.95","0.14007880000281148","limit-cycle","2","True","{""alpha"": 0.05, ""assignment_threshold_quantile"": 0.01, ""base_capacity"": 45, ""capacity_multiplier"": 1.0, ""kmax"": 45, ""knn_k"": 10, ""lambda"": 2.5e-05, ""merge_threshold_quantile"": 0.9, ""minimum_support"": 2, ""preprocessing"": ""standardize-l2"", ""seed_count"": 8, ""tau_inter"": 0.9039891158857113, ""tau_intra"": 0.5783865814084671, ""uses_reference_k"": false}"
"mfeat-factors","fasc-sf","2000","216","10","67","4","0.995","0.005","0.31860233796044335","0.6471195539484956","0.3213027315879937","0.6505732950809188","0.9149093118111603","0.21190954773869347","0.3441156790103308","0.9096210015659146","0.5266209349770071","0.6670539971453452","0.9950000000000001","0.98","0.18792550000944175","limit-cycle","2","True","{""alpha"": null, ""assignment_threshold_quantile"": 0.01, ""base_capacity"": 45, ""capacity_multiplier"": 1.5, ""kmax"": 68, ""knn_k"": 10, ""lambda"": 0.0, ""merge_threshold_quantile"": 0.9, ""minimum_support"": 2, ""preprocessing"": ""standardize-l2"", ""seed_count"": 8, ""tau_inter"": 0.9039891158857113, ""tau_intra"": 0.5783865814084671, ""uses_reference_k"": false}"
"mfeat-factors","fasc-dass","2000","216","10","67","4","0.9945","0.0055","0.3284214683008464","0.6516059336964876","0.3314751680081953","0.655440184030454","0.9249389531797431","0.21889447236180903","0.354009630427274","0.9144654848243251","0.5304770014741874","0.6714494354497498","0.9945","0.98","0.1958165999967605","limit-cycle","2","True","{""alpha"": 0.05, ""assignment_threshold_quantile"": 0.01, ""base_capacity"": 45, ""capacity_multiplier"": 1.5, ""kmax"": 68, ""knn_k"": 10, ""lambda"": 2.5e-05, ""merge_threshold_quantile"": 0.9, ""minimum_support"": 2, ""preprocessing"": ""standardize-l2"", ""seed_count"": 8, ""tau_inter"": 0.9039891158857113, ""tau_intra"": 0.5783865814084671, ""uses_reference_k"": false}"
"letter","fasc-sf","2000","16","26","34","17","0.937","0.063","0.17444959641839514","0.3865679195916563","0.18726555459116692","0.4084950885978838","0.22842024213233728","0.18189052389897725","0.20251712092492935","0.4990681772012862","0.43276428200254086","0.4635573256620989","0.9366562720470503","0.8048780487804879","0.039496400000643916","fixed-point","0","False","{""alpha"": null, ""assignment_threshold_quantile"": 0.01, ""base_capacity"": 45, ""capacity_multiplier"": 0.75, ""kmax"": 34, ""knn_k"": 10, ""lambda"": 0.0, ""merge_threshold_quantile"": 0.9, ""minimum_support"": 2, ""preprocessing"": ""standardize-l2"", ""seed_count"": 8, ""tau_inter"": 0.922495635400632, ""tau_intra"": 0.6058024072449972, ""uses_reference_k"": false}"
"letter","fasc-dass","2000","16","26","34","20","0.9335","0.0665","0.16971549606468167","0.38075975942041523","0.18283113004807067","0.4034520589639067","0.22496671105193075","0.1763201836777291","0.19769482798970278","0.49709449911793163","0.4285251959349266","0.4602700629020676","0.9330367431529256","0.7307692307692307","0.03481510000710841","fixed-point","0","False","{""alpha"": 0.05, ""assignment_threshold_quantile"": 0.01, ""base_capacity"": 45, ""capacity_multiplier"": 0.75, ""kmax"": 34, ""knn_k"": 10, ""lambda"": 2.5e-05, ""merge_threshold_quantile"": 0.9, ""minimum_support"": 2, ""preprocessing"": ""standardize-l2"", ""seed_count"": 8, ""tau_inter"": 0.922495635400632, ""tau_intra"": 0.6058024072449972, ""uses_reference_k"": false}"
"letter","fasc-sf","2000","16","26","45","5","0.9705","0.0295","0.18231750021190277","0.4251549546908323","0.18891659314041365","0.4358472869508554","0.2614687108512796","0.17153256105197245","0.20716058135412976","0.5363456354579235","0.45363322032633335","0.4915341300456503","0.9698381447504676","0.9193548387096774","0.0380929999955697","fixed-point","0","False","{""alpha"": null, ""assignment_threshold_quantile"": 0.01, ""base_capacity"": 45, ""capacity_multiplier"": 1.0, ""kmax"": 45, ""knn_k"": 10, ""lambda"": 0.0, ""merge_threshold_quantile"": 0.9, ""minimum_support"": 2, ""preprocessing"": ""standardize-l2"", ""seed_count"": 8, ""tau_inter"": 0.922495635400632, ""tau_intra"": 0.6058024072449972, ""uses_reference_k"": false}"
"letter","fasc-dass","2000","16","26","45","5","0.9715","0.0285","0.185309629896459","0.4268994084656245","0.1917899245582184","0.4373406746582497","0.2616623023954999","0.17598100605301606","0.21043436210621555","0.5362370030506968","0.4554930168705016","0.492578031058425","0.9711031288967527","0.9210526315789473","0.04478910000761971","fixed-point","0","False","{""alpha"": 0.05, ""assignment_threshold_quantile"": 0.01, ""base_capacity"": 45, ""capacity_multiplier"": 1.0, ""kmax"": 45, ""knn_k"": 10, ""lambda"": 2.5e-05, ""merge_threshold_quantile"": 0.9, ""minimum_support"": 2, ""preprocessing"": ""standardize-l2"", ""seed_count"": 8, ""tau_inter"": 0.922495635400632, ""tau_intra"": 0.6058024072449972, ""uses_reference_k"": false}"
"letter","fasc-sf","2000","16","26","68","2","0.987","0.013","0.1780520284981495","0.44350593155474555","0.18135388501309563","0.4484216813921973","0.30718739744010504","0.14652473387601753","0.19841017488076312","0.5903597991594963","0.4645222685643444","0.519935415655492","0.9872234707685406","0.946236559139785","0.05679190000228118","fixed-point","0","False","{""alpha"": null, ""assignment_threshold_quantile"": 0.01, ""base_capacity"": 45, ""capacity_multiplier"": 1.5, ""kmax"": 68, ""knn_k"": 10, ""lambda"": 0.0, ""merge_threshold_quantile"": 0.9, ""minimum_support"": 2, ""preprocessing"": ""standardize-l2"", ""seed_count"": 8, ""tau_inter"": 0.922495635400632, ""tau_intra"": 0.6058024072449972, ""uses_reference_k"": false}"
"letter","fasc-dass","2000","16","26","68","2","0.99","0.01","0.17946217101026404","0.4469881870622129","0.18199532110022734","0.45077557684472286","0.30850716191928546","0.1477901273220622","0.19984476706239307","0.5911318504113978","0.4666648464459523","0.5215755636619234","0.9901043420619211","0.961038961038961","0.047888399989460595","fixed-point","0","False","{""alpha"": 0.05, ""assignment_threshold_quantile"": 0.01, ""base_capacity"": 45, ""capacity_multiplier"": 1.5, ""kmax"": 68, ""knn_k"": 10, ""lambda"": 2.5e-05, ""merge_threshold_quantile"": 0.9, ""minimum_support"": 2, ""preprocessing"": ""standardize-l2"", ""seed_count"": 8, ""tau_inter"": 0.922495635400632, ""tau_intra"": 0.6058024072449972, ""uses_reference_k"": false}"
"mnist-test","fasc-sf","2000","784","10","23","31","0.992","0.008","0.36050105283898665","0.5815219433581363","0.36448954509341985","0.587066282684931","0.610557506139265","0.3004869278597648","0.4027565340500232","0.6949596479815658","0.5161044662587602","0.592325004061224","0.9917286737476687","0.9672131147540983","0.5492008000001078","limit-cycle","2","True","{""alpha"": null, ""assignment_threshold_quantile"": 0.01, ""base_capacity"": 45, ""capacity_multiplier"": 0.75, ""kmax"": 34, ""knn_k"": 10, ""lambda"": 0.0, ""merge_threshold_quantile"": 0.9, ""minimum_support"": 2, ""preprocessing"": ""maxabs-l2"", ""seed_count"": 8, ""tau_inter"": 0.8537032414329357, ""tau_intra"": 0.5613766294763779, ""uses_reference_k"": false}"
"mnist-test","fasc-dass","2000","784","10","24","27","0.9915","0.0085","0.3440769717785732","0.5597008304754809","0.348061423735326","0.5654136658576858","0.5580662259045387","0.2997228256798262","0.3899914223331254","0.6691914894617706","0.4990326805035004","0.5717197629392738","0.9912823774483958","0.9726775956284153","0.638045300001977","limit-cycle","2","True","{""alpha"": 0.05, ""assignment_threshold_quantile"": 0.01, ""base_capacity"": 45, ""capacity_multiplier"": 0.75, ""kmax"": 34, ""knn_k"": 10, ""lambda"": 2.5e-05, ""merge_threshold_quantile"": 0.9, ""minimum_support"": 2, ""preprocessing"": ""maxabs-l2"", ""seed_count"": 8, ""tau_inter"": 0.8537032414329357, ""tau_intra"": 0.5613766294763779, ""uses_reference_k"": false}"
"mnist-test","fasc-sf","2000","784","10","28","3","0.992","0.008","0.32879985594883154","0.5648458966060564","0.33253833589338977","0.5701319424716783","0.5966688475143881","0.2687192548755213","0.3705537611823122","0.6935354218268587","0.49508144356285416","0.5777412853509151","0.9917432069414833","0.9726775956284153","0.683762900007423","limit-cycle","2","True","{""alpha"": null, ""assignment_threshold_quantile"": 0.01, ""base_capacity"": 45, ""capacity_multiplier"": 1.0, ""kmax"": 45, ""knn_k"": 10, ""lambda"": 0.0, ""merge_threshold_quantile"": 0.9, ""minimum_support"": 2, ""preprocessing"": ""maxabs-l2"", ""seed_count"": 8, ""tau_inter"": 0.8537032414329357, ""tau_intra"": 0.5613766294763779, ""uses_reference_k"": false}"
"mnist-test","fasc-dass","2000","784","10","27","3","0.9915","0.0085","0.3412064045549025","0.563801690159248","0.345190091728413","0.5694982862043718","0.5673386003640448","0.2926411466526831","0.3861175082943737","0.6827214133091393","0.49921211603891785","0.5767207595695005","0.991253010863052","0.9726775956284153","0.7574437000002945","limit-cycle","2","True","{""alpha"": 0.05, ""assignment_threshold_quantile"": 0.01, ""base_capacity"": 45, ""capacity_multiplier"": 1.0, ""kmax"": 45, ""knn_k"": 10, ""lambda"": 2.5e-05, ""merge_threshold_quantile"": 0.9, ""minimum_support"": 2, ""preprocessing"": ""maxabs-l2"", ""seed_count"": 8, ""tau_inter"": 0.8537032414329357, ""tau_intra"": 0.5613766294763779, ""uses_reference_k"": false}"
"mnist-test","fasc-sf","2000","784","10","28","3","0.9925","0.0075","0.33683557911655737","0.5620458156228382","0.3403973443377168","0.5670260077089371","0.5910142264186813","0.2794666267136115","0.37948853579639086","0.6838645862432843","0.4957640528232851","0.5748173071256827","0.9922896550289149","0.9781420765027322","0.7068066000065301","limit-cycle","2","True","{""alpha"": null, ""assignment_threshold_quantile"": 0.01, ""base_capacity"": 45, ""capacity_multiplier"": 1.5, ""kmax"": 68, ""knn_k"": 10, ""lambda"": 0.0, ""merge_threshold_quantile"": 0.9, ""minimum_support"": 2, ""preprocessing"": ""maxabs-l2"", ""seed_count"": 8, ""tau_inter"": 0.8537032414329357, ""tau_intra"": 0.5613766294763779, ""uses_reference_k"": false}"
"mnist-test","fasc-dass","2000","784","10","25","3","0.992","0.008","0.35116030911859336","0.5729117428388745","0.35505218952472284","0.5783774927332748","0.5959806310085826","0.29442904587110147","0.3941421866852077","0.6870099079927572","0.508707004201651","0.5845643706928273","0.9917432069414833","0.9726775956284153","0.8100180000037653","limit-cycle","2","True","{""alpha"": 0.05, ""assignment_threshold_quantile"": 0.01, ""base_capacity"": 45, ""capacity_multiplier"": 1.5, ""kmax"": 68, ""knn_k"": 10, ""lambda"": 2.5e-05, ""merge_threshold_quantile"": 0.9, ""minimum_support"": 2, ""preprocessing"": ""maxabs-l2"", ""seed_count"": 8, ""tau_inter"": 0.8537032414329357, ""tau_intra"": 0.5613766294763779, ""uses_reference_k"": false}"
